{"theme_color":"#ffffff","background_color":"#ffffff","display":"standalone","scope":"/","start_url":"/src/app/page.tsx","id":"/src/app/page.tsx","name":"Next-PWA","short_name":"Next-PWA","description":"A Demo for Next-PWA","icons":[{"src":"/icon-192x192.png","sizes":"192x192","type":"image/png"},{"src":"/icon-256x256.png","sizes":"256x256","type":"image/png"},{"src":"/icon-384x384.png","sizes":"384x384","type":"image/png"},{"src":"/icon-512x512.png","sizes":"512x512","type":"image/png"},{"src":"/maskable.png","sizes":"512x512","type":"image/png"}]}